from,to,flight_time,amount_of_money
JFK,LHR,7h 15m,$806.51
JFK,CDG,7h 35m,$655.07
JFK,AMS,7h 35m,$732.71
JFK,FRA,8h,$752.22
JFK,MAD,7h 30m,$862.68
JFK,FCO,8h 50m,$980.85
JFK,MUC,8h 20m,$1005.22
JFK,ZRH,8h 10m,$720.27
JFK,DXB,13h 40m,$1355.13
JFK,GRU,9h 45m,$830.06
JFK,MEX,4h 40m,$459.53
JFK,YYZ,1h 25m,$194.34
JFK,YUL,1h 20m,$154.07
JFK,MIA,2h 50m,$291.21
JFK,LAX,5h 25m,$618.42
JFK,ORD,2h 10m,$267.72
JFK,ATL,2h 10m,$238.67
JFK,BOS,1h 5m,$166.14
JFK,SFO,5h 40m,$676.91
JFK,DFW,3h 20m,$311.92
JFK,DEN,3h 50m,$477.23
JFK,SEA,5h 20m,$618.30
JFK,NRT,13h 30m,$1293.01
JFK,ICN,13h 45m,$1222.24
JFK,HKG,16h,$1906.96
JFK,SIN,18h 45m,$1779.69
JFK,DOH,13h 25m,$1157.34
JFK,IST,10h 10m,$891.34
LAX,NRT,11h,$1287.46
LAX,ICN,12h 5m,$1286.81
LAX,SYD,14h 55m,$1696.79
LAX,MEL,15h 45m,$1739.52
LAX,PVG,13h,$1347.29
LAX,HKG,14h 30m,$1738.75
LAX,SIN,17h 20m,$1673.53
LAX,YVR,2h 45m,$333.56
LAX,MEX,3h 40m,$466.80
LAX,GRU,12h 25m,$1329.01
LAX,ORD,4h,$511.57
LAX,DFW,3h 5m,$365.49
LAX,DEN,2h 20m,$308.27
LAX,SEA,2h 35m,$251.00
LAX,ATL,4h 25m,$436.54
LAX,MIA,5h 10m,$515.61
LAX,SFO,1h 25m,$158.52
LAX,LHR,11h 5m,$1021.93
LAX,CDG,11h 25m,$998.40
LAX,AMS,11h 15m,$1062.27
SFO,NRT,10h 25m,$1131.80
SFO,ICN,11h 25m,$1114.97
SFO,PVG,12h 20m,$1204.18
SFO,SYD,14h 50m,$1339.51
SFO,AKL,13h 5m,$1220.85
SFO,YVR,2h 15m,$320.57
SFO,LHR,10h 55m,$1184.37
SFO,CDG,11h 15m,$1209.43
SFO,FRA,11h 30m,$1034.51
SFO,SEA,2h,$274.27
SFO,DEN,2h 35m,$266.19
SFO,ORD,4h 15m,$446.81
SFO,DFW,3h 30m,$471.76
SFO,ATL,4h 45m,$550.57
ORD,LHR,8h 10m,$877.39
ORD,CDG,8h 35m,$958.78
ORD,FRA,8h 55m,$1052.84
ORD,AMS,8h 30m,$983.28
ORD,NRT,12h 35m,$1156.36
ORD,ICN,13h 5m,$1102.09
ORD,GRU,10h 40m,$1022.13
ORD,MEX,3h 55m,$401.02
ORD,YYZ,1h 35m,$184.20
ORD,ATL,1h 55m,$278.94
ORD,DFW,2h 15m,$314.42
ORD,DEN,2h 25m,$270.16
ORD,SEA,4h,$471.34
ORD,MIA,3h,$335.01
ORD,BOS,2h 25m,$331.98
ATL,LHR,8h 40m,$892.61
ATL,CDG,9h 5m,$856.62
ATL,AMS,9h 5m,$851.13
ATL,FRA,9h 30m,$1004.73
ATL,DXB,15h 5m,$1397.30
ATL,NRT,13h 40m,$1441.61
ATL,ICN,14h 15m,$1673.05
ATL,GRU,9h 35m,$955.40
ATL,BOG,4h 45m,$462.12
ATL,LIM,6h 45m,$855.55
ATL,MEX,3h 15m,$374.96
ATL,MIA,1h 50m,$199.91
ATL,DFW,2h 5m,$216.54
ATL,DEN,3h,$296.68
MIA,LHR,9h 5m,$993.06
MIA,MAD,9h 5m,$1052.15
MIA,FCO,10h 30m,$1055.75
MIA,GRU,8h 30m,$738.06
MIA,GIG,8h 40m,$861.21
MIA,BOG,3h 35m,$484.20
MIA,LIM,5h 40m,$620.08
MIA,SCL,8h 35m,$1055.55
MIA,EZE,9h 5m,$1078.56
MIA,MEX,3h 10m,$295.33
MIA,DFW,2h 50m,$362.29
DFW,LHR,9h 45m,$1076.64
DFW,CDG,10h 5m,$1058.23
DFW,FRA,10h 25m,$983.89
DFW,NRT,12h 55m,$1388.85
DFW,ICN,13h 40m,$1188.63
DFW,GRU,10h 25m,$1051.39
DFW,MEX,2h 30m,$295.18
DFW,BOG,5h 20m,$680.61
DFW,LIM,7h 5m,$860.27
DFW,SCL,10h,$941.34
DFW,DEN,1h 55m,$245.22
DEN,LHR,9h 35m,$870.42
DEN,CDG,9h 55m,$1192.73
DEN,NRT,11h 40m,$1368.46
DEN,ICN,12h 30m,$1178.47
DEN,SEA,2h 40m,$332.73
BOS,LHR,6h 55m,$761.53
BOS,CDG,7h 15m,$664.01
BOS,AMS,7h 15m,$843.40
BOS,DXB,13h 20m,$1382.53
BOS,ICN,13h 40m,$1540.23
BOS,NRT,13h 25m,$1384.58
BOS,YYZ,1h 35m,$168.94
BOS,YUL,1h 15m,$161.61
SEA,NRT,9h 45m,$825.23
SEA,ICN,10h 35m,$1271.99
SEA,PVG,11h 35m,$1358.46
SEA,SIN,16h,$1830.41
SEA,YVR,1h,$138.65
SEA,AKL,14h,$1187.59
YYZ,LHR,7h 25m,$898.18
YYZ,CDG,7h 50m,$961.08
YYZ,AMS,7h 45m,$688.68
YYZ,FRA,8h 10m,$854.10
YYZ,NRT,12h 50m,$1099.62
YYZ,DXB,13h 45m,$1545.53
YYZ,GRU,10h 25m,$1180.95
YYZ,MEX,4h 35m,$430.10
YYZ,YVR,4h 40m,$507.63
YYZ,YUL,1h 20m,$187.97
YVR,NRT,9h 35m,$903.69
YVR,ICN,10h 25m,$1225.49
YVR,PVG,11h 20m,$1133.16
YVR,SYD,15h 25m,$1397.50
YVR,HKG,12h 50m,$1331.73
YUL,LHR,6h 55m,$792.11
YUL,CDG,7h 15m,$677.05
YUL,AMS,7h 15m,$707.06
LHR,CDG,1h 10m,$197.45
LHR,AMS,1h 10m,$178.42
LHR,FRA,1h 30m,$196.87
LHR,MAD,2h 10m,$271.44
LHR,BCN,7h,$634.82
LHR,FCO,2h 25m,$262.06
LHR,MUC,1h 50m,$220.27
LHR,ZRH,1h 40m,$224.37
LHR,VIE,2h 15m,$245.17
LHR,CPH,1h 55m,$213.66
LHR,ARN,2h 30m,$246.72
LHR,HEL,2h 55m,$356.39
LHR,OSL,2h 10m,$237.89
LHR,WAW,2h 30m,$341.41
LHR,PRG,2h,$280.40
LHR,BUD,2h 30m,$249.32
LHR,ATH,3h 35m,$365.74
LHR,LIS,2h 35m,$326.46
LHR,DUB,1h 15m,$158.52
LHR,MAN,1h,$132.47
LHR,DXB,7h 15m,$887.27
LHR,AUH,7h 15m,$783.83
LHR,DOH,6h 55m,$723.77
LHR,IST,3h 40m,$458.32
LHR,SVO,3h 40m,$464.43
LHR,CAI,4h 55m,$471.04
LHR,JNB,11h 25m,$993.88
LHR,NBO,8h 45m,$892.10
LHR,ADD,7h 40m,$786.18
LHR,DEL,8h 40m,$892.18
LHR,BOM,9h 15m,$1042.77
LHR,NRT,12h,$1315.25
LHR,HKG,12h 5m,$1466.80
LHR,SIN,13h 35m,$1171.44
LHR,BKK,12h,$1186.45
LHR,KUL,13h 15m,$1268.23
LHR,SYD,20h 45m,$2380.11
LHR,MEL,20h 40m,$1879.86
LHR,ICN,11h 10m,$1013.86
LHR,PVG,11h 35m,$1170.01
LHR,PEK,10h 20m,$1036.03
LHR,GRU,11h 50m,$1115.84
CDG,AMS,1h 15m,$155.64
CDG,FRA,1h 15m,$206.57
CDG,MAD,2h,$243.28
CDG,BCN,7h 20m,$881.41
CDG,FCO,2h,$257.97
CDG,MUC,1h 35m,$169.69
CDG,ZRH,1h 20m,$215.48
CDG,VIE,2h,$277.01
CDG,CPH,1h 55m,$285.20
CDG,ARN,2h 35m,$353.16
CDG,ATH,3h 15m,$418.64
CDG,LIS,2h 30m,$258.20
CDG,DUB,1h 40m,$215.49
CDG,DXB,6h 55m,$651.35
CDG,IST,3h 20m,$367.31
CDG,CAI,4h 30m,$413.27
CDG,JNB,11h,$1082.82
CDG,DEL,8h 30m,$1047.89
CDG,BOM,9h,$850.23
CDG,NRT,12h 10m,$1382.49
CDG,HKG,12h,$1212.58
CDG,SIN,13h 20m,$1324.69
CDG,PVG,11h 40m,$1404.72
CDG,PEK,10h 25m,$1274.27
CDG,ICN,11h 15m,$1181.68
CDG,SYD,20h 40m,$2256.42
CDG,GRU,11h 50m,$1052.84
CDG,BOG,10h 55m,$1037.36
AMS,FRA,1h 10m,$198.39
AMS,MAD,2h 25m,$303.34
AMS,FCO,2h 15m,$280.21
AMS,MUC,1h 30m,$221.85
AMS,ZRH,1h 25m,$162.68
AMS,VIE,1h 50m,$244.41
AMS,CPH,1h 30m,$199.37
AMS,ARN,2h 5m,$293.89
AMS,HEL,2h 30m,$262.34
AMS,OSL,1h 50m,$278.40
AMS,WAW,2h,$212.68
AMS,IST,3h 20m,$333.00
AMS,DXB,6h 50m,$749.15
AMS,DEL,8h 15m,$918.52
AMS,BOM,8h 50m,$825.62
AMS,SIN,13h 5m,$1146.27
AMS,HKG,11h 40m,$1375.24
AMS,NRT,11h 40m,$1086.03
AMS,ICN,10h 50m,$1153.90
AMS,SYD,20h 20m,$2143.31
AMS,GRU,12h 15m,$1216.38
FRA,MAD,2h 25m,$299.29
FRA,FCO,1h 50m,$238.72
FRA,MUC,1h 5m,$187.13
FRA,ZRH,1h 5m,$141.15
FRA,VIE,1h 30m,$213.92
FRA,CPH,1h 30m,$184.04
FRA,ARN,2h 10m,$256.64
FRA,IST,2h 55m,$360.38
FRA,DXB,6h 25m,$633.17
FRA,DOH,6h 10m,$609.93
FRA,DEL,7h 55m,$912.92
FRA,BOM,8h 30m,$740.62
FRA,NRT,11h 45m,$1188.60
FRA,HKG,11h 30m,$1407.93
FRA,SIN,12h 50m,$1561.45
FRA,BKK,11h 20m,$975.90
FRA,PVG,11h 10m,$1023.50
FRA,PEK,9h 55m,$933.83
FRA,ICN,10h 50m,$1296.43
FRA,SYD,20h 10m,$2326.08
FRA,GRU,12h 15m,$1439.41
FRA,JNB,11h,$1073.55
FRA,CAI,4h 10m,$403.03
MAD,FCO,2h 20m,$315.09
MAD,MUC,2h 30m,$321.90
MAD,LIS,1h 20m,$193.21
MAD,ATH,3h 30m,$474.93
MAD,IST,3h 55m,$463.76
MAD,DXB,7h 25m,$632.50
MAD,GRU,10h 35m,$1225.94
MAD,BOG,10h 10m,$973.11
MAD,LIM,11h 55m,$1302.67
MAD,SCL,13h 20m,$1592.23
MAD,EZE,12h 35m,$1111.17
BCN,FCO,8h 35m,$761.19
BCN,MUC,8h 5m,$723.30
BCN,ZRH,7h 55m,$846.62
BCN,LIS,6h 45m,$655.87
BCN,ATH,9h 50m,$1056.48
BCN,IST,9h 55m,$1114.75
BCN,GRU,9h 30m,$876.48
FCO,MUC,1h 35m,$221.02
FCO,ZRH,1h 35m,$187.56
FCO,VIE,1h 40m,$215.11
FCO,ATH,2h,$290.30
FCO,IST,2h 20m,$322.09
FCO,DXB,5h 50m,$530.21
FCO,CAI,3h 15m,$363.51
FCO,JNB,9h 50m,$932.34
FCO,DEL,7h 45m,$657.87
FCO,BOM,8h,$928.25
MUC,ZRH,1h 5m,$164.31
MUC,VIE,1h 10m,$151.89
MUC,CPH,1h 40m,$239.72
MUC,ARN,2h 15m,$283.63
MUC,IST,2h 35m,$296.38
MUC,DXB,6h 5m,$531.14
MUC,DEL,7h 40m,$676.79
MUC,BOM,8h 10m,$979.82
MUC,NRT,11h 45m,$1393.73
MUC,PEK,9h 50m,$1035.57
MUC,ICN,10h 45m,$1248.92
ZRH,VIE,1h 25m,$201.85
ZRH,IST,2h 45m,$283.19
ZRH,DXB,6h 20m,$580.64
ZRH,JNB,10h 40m,$1018.09
ZRH,SIN,12h 50m,$1516.39
VIE,IST,2h 10m,$297.63
VIE,DXB,5h 45m,$698.08
VIE,DEL,7h 15m,$883.13
VIE,BOM,7h 45m,$724.29
CPH,ARN,1h 25m,$171.10
CPH,HEL,1h 45m,$194.38
CPH,OSL,1h 20m,$205.58
CPH,IST,3h 5m,$406.44
CPH,DXB,6h 25m,$658.18
ARN,HEL,1h 15m,$179.94
ARN,OSL,1h 10m,$147.99
ARN,DXB,6h 20m,$789.82
HEL,OSL,1h 40m,$243.93
HEL,DXB,6h 5m,$768.00
HEL,NRT,9h 55m,$1152.21
HEL,PEK,8h 10m,$978.82
IST,DXB,4h 20m,$389.64
IST,AUH,4h 20m,$519.97
IST,DOH,4h,$415.89
IST,RUH,3h 40m,$476.95
IST,KWI,3h 20m,$422.74
IST,CAI,2h 15m,$309.40
IST,NBO,6h 25m,$761.77
IST,ADD,5h 5m,$506.68
IST,JNB,9h 35m,$1100.20
IST,DEL,6h 5m,$555.83
IST,BOM,6h 25m,$781.44
IST,NRT,11h 20m,$1322.17
IST,PEK,9h 5m,$842.06
IST,ICN,10h 5m,$1166.85
IST,BKK,9h 35m,$978.66
IST,SIN,10h 55m,$1044.81
IST,KUL,10h 35m,$1217.96
IST,SVO,2h 50m,$294.33
IST,LIS,4h 30m,$406.78
IST,ATH,1h 25m,$167.64
DXB,AUH,0h 55m,$130.29
DXB,DOH,1h 10m,$193.17
DXB,RUH,1h 45m,$267.18
DXB,KWI,1h 45m,$205.73
DXB,CAI,3h 35m,$426.81
DXB,JNB,8h 15m,$833.59
DXB,NBO,4h 55m,$635.54
DXB,ADD,3h 40m,$422.69
DXB,LOS,7h 40m,$942.01
DXB,DEL,3h 20m,$322.75
DXB,BOM,3h,$410.88
DXB,MAA,4h 10m,$407.95
DXB,BLR,3h 55m,$514.34
DXB,HYD,3h 45m,$382.57
DXB,NRT,10h 10m,$891.35
DXB,HKG,7h 40m,$789.58
DXB,SIN,7h 35m,$871.06
DXB,BKK,6h 30m,$643.21
DXB,KUL,7h 15m,$797.96
DXB,CGK,8h 25m,$886.03
DXB,MNL,8h 50m,$883.24
DXB,PVG,8h 20m,$896.20
DXB,PEK,7h 35m,$726.41
DXB,ICN,8h 40m,$974.94
DXB,SYD,14h 55m,$1229.08
DXB,MEL,14h 25m,$1709.45
DXB,SVO,5h 5m,$562.82
AUH,DOH,1h 5m,$176.70
AUH,DEL,3h 25m,$424.84
AUH,BOM,3h 5m,$376.59
AUH,SIN,7h 40m,$764.13
AUH,BKK,6h 35m,$584.97
AUH,KUL,7h 20m,$819.72
AUH,NRT,10h 15m,$991.67
AUH,SYD,14h 55m,$1411.40
DOH,RUH,1h 20m,$207.52
DOH,CAI,3h 10m,$394.09
DOH,JNB,8h 5m,$782.58
DOH,NBO,4h 40m,$475.95
DOH,ADD,3h 25m,$373.81
DOH,DEL,3h 45m,$404.76
DOH,BOM,3h 25m,$360.20
DOH,NRT,10h 30m,$930.44
DOH,HKG,8h 10m,$826.78
DOH,SIN,8h 5m,$984.27
DOH,BKK,6h 55m,$785.52
DOH,KUL,7h 40m,$932.59
DOH,SYD,15h 20m,$1623.76
DOH,SVO,5h,$500.90
DOH,LOS,7h 15m,$778.39
RUH,CAI,2h 40m,$252.74
RUH,DEL,4h 20m,$438.05
RUH,BOM,4h,$434.04
RUH,JNB,7h 50m,$846.01
CAI,JNB,8h 5m,$899.68
CAI,NBO,4h 55m,$528.28
CAI,ADD,3h 40m,$402.62
CAI,LOS,5h 20m,$516.81
CAI,DEL,5h 55m,$628.05
CAI,BOM,5h 50m,$723.29
CAI,SVO,4h 10m,$514.61
JNB,NBO,4h 10m,$404.16
JNB,ADD,5h 30m,$501.61
JNB,LOS,6h 5m,$652.35
JNB,CPT,2h 15m,$286.68
JNB,SYD,13h 45m,$1311.40
JNB,MEL,12h 55m,$1477.73
JNB,SIN,10h 55m,$1233.46
JNB,HKG,13h 20m,$1448.40
JNB,BOM,8h 55m,$832.74
JNB,DEL,10h 10m,$930.80
NBO,ADD,2h 5m,$213.22
NBO,LOS,5h 15m,$513.30
NBO,BOM,6h 5m,$643.39
NBO,DEL,7h 5m,$851.61
NBO,SIN,9h 30m,$827.17
ADD,LOS,5h 20m,$559.48
ADD,BOM,5h 15m,$597.00
ADD,DEL,6h 5m,$575.86
CPT,JNB,2h 15m,$293.28
CPT,LOS,6h 20m,$677.47
CPT,DOH,9h 30m,$890.55
SVO,DEL,5h 55m,$667.51
SVO,PEK,7h 35m,$645.62
SVO,NRT,9h 35m,$1087.99
SVO,ICN,8h 30m,$977.89
SVO,BKK,9h 5m,$804.63
SVO,SIN,10h 40m,$1070.67
SVO,LED,1h 25m,$171.11
LED,SVO,1h 25m,$229.28
DEL,BOM,2h 5m,$259.09
DEL,MAA,2h 50m,$272.82
DEL,BLR,2h 45m,$292.47
DEL,HYD,2h 15m,$308.29
DEL,NRT,7h 40m,$795.20
DEL,HKG,5h 10m,$622.94
DEL,SIN,5h 40m,$645.06
DEL,BKK,4h 15m,$553.15
DEL,KUL,5h 20m,$594.58
DEL,SYD,13h,$1559.47
DEL,PVG,5h 45m,$714.44
DEL,PEK,5h 15m,$590.50
DEL,ICN,6h 15m,$718.76
BOM,MAA,2h,$245.90
BOM,BLR,1h 45m,$250.37
BOM,HYD,1h 30m,$201.53
BOM,SIN,5h 20m,$666.62
BOM,BKK,4h 20m,$520.25
BOM,KUL,5h,$539.39
BOM,HKG,5h 45m,$562.64
BOM,NRT,8h 45m,$822.28
BOM,SYD,12h 40m,$1367.54
BOM,PVG,6h 40m,$782.85
BOM,PEK,6h 20m,$681.96
MAA,BLR,1h 5m,$164.64
MAA,HYD,1h 20m,$168.84
MAA,SIN,4h 10m,$389.12
MAA,BKK,3h 20m,$351.85
MAA,KUL,3h 50m,$392.15
BLR,HYD,1h 15m,$166.41
BLR,SIN,4h 30m,$500.77
BLR,BKK,3h 40m,$356.79
BLR,KUL,4h 10m,$412.06
HYD,SIN,4h 40m,$545.44
HYD,BKK,3h 35m,$437.75
NRT,HND,0h 50m,$110.93
NRT,ICN,2h 15m,$261.76
NRT,HKG,4h 15m,$475.80
NRT,PVG,2h 50m,$322.77
NRT,PEK,3h 15m,$330.88
NRT,SIN,7h 5m,$722.25
NRT,BKK,6h 15m,$765.18
NRT,KUL,7h 5m,$774.89
NRT,CGK,7h 35m,$860.14
NRT,MNL,4h 20m,$543.51
NRT,SYD,9h 55m,$1134.98
NRT,MEL,10h 20m,$1021.90
NRT,BNE,9h 10m,$772.51
NRT,AKL,11h 10m,$1081.89
HND,ICN,2h 10m,$291.41
HND,HKG,4h 10m,$523.30
HND,PVG,2h 45m,$383.05
HND,PEK,3h 10m,$356.15
HND,SIN,7h,$807.69
HND,BKK,6h 10m,$667.47
HND,SYD,9h 55m,$1069.43
ICN,HKG,3h 10m,$326.04
ICN,PVG,1h 40m,$197.22
ICN,PEK,1h 50m,$224.40
ICN,SIN,6h 10m,$541.83
ICN,BKK,5h 5m,$515.14
ICN,KUL,6h 10m,$703.57
ICN,CGK,6h 55m,$707.13
ICN,MNL,3h 50m,$372.68
ICN,SYD,10h 35m,$1075.98
ICN,MEL,10h 50m,$957.04
ICN,BNE,9h 50m,$1066.16
ICN,AKL,12h 5m,$1017.59
HKG,PVG,2h 15m,$260.08
HKG,PEK,3h 5m,$364.85
HKG,SIN,3h 45m,$346.25
HKG,BKK,2h 45m,$338.49
HKG,KUL,3h 45m,$361.49
HKG,CGK,4h 35m,$495.09
HKG,MNL,2h 5m,$214.05
HKG,SYD,9h 25m,$934.83
HKG,MEL,9h 30m,$874.18
PVG,PEK,2h,$236.22
PVG,SIN,5h 15m,$621.87
PVG,BKK,4h 10m,$439.29
PVG,KUL,5h 15m,$618.73
PVG,NRT,2h 50m,$375.63
PVG,SYD,10h,$936.84
PEK,SIN,6h,$542.03
PEK,BKK,4h 40m,$415.86
PEK,KUL,5h 55m,$645.37
PEK,NRT,3h 15m,$443.41
PEK,SYD,11h 15m,$1094.94
SIN,BKK,2h 25m,$306.36
SIN,KUL,1h 5m,$177.54
SIN,CGK,1h 45m,$241.07
SIN,MNL,3h 30m,$439.05
SIN,SYD,8h 10m,$998.97
SIN,MEL,7h 50m,$728.53
SIN,BNE,8h,$682.83
SIN,AKL,10h 40m,$951.86
BKK,KUL,2h 10m,$229.08
BKK,CGK,3h 25m,$416.70
BKK,MNL,3h 20m,$387.84
BKK,SYD,9h 35m,$887.22
BKK,DEL,4h 15m,$501.90
KUL,CGK,2h 5m,$282.47
KUL,MNL,3h 40m,$361.24
KUL,SYD,8h 30m,$922.78
KUL,MEL,8h 10m,$936.12
CGK,SYD,7h 15m,$651.33
CGK,MEL,6h 50m,$816.30
MNL,SYD,8h 5m,$999.73
SYD,MEL,1h 35m,$176.49
SYD,BNE,1h 40m,$174.47
SYD,AKL,3h 15m,$348.53
MEL,BNE,2h 20m,$304.75
MEL,AKL,3h 50m,$505.80
BNE,AKL,3h 25m,$375.72
GRU,GIG,1h 10m,$178.50
GRU,BOG,5h 50m,$525.55
GRU,LIM,4h 50m,$565.61
GRU,SCL,3h 50m,$448.67
GRU,EZE,2h 45m,$275.64
GRU,MEX,9h 30m,$1086.72
GIG,BOG,6h 5m,$737.36
GIG,EZE,3h 5m,$370.22
GIG,SCL,4h 10m,$397.84
BOG,LIM,3h,$407.52
BOG,MEX,4h 25m,$543.70
BOG,SCL,5h 45m,$581.04
LIM,SCL,3h 40m,$399.15
LIM,EZE,4h 25m,$466.00
LIM,MEX,5h 45m,$617.70
SCL,EZE,2h 5m,$241.89
EZE,SCL,2h 5m,$291.75
MEX,BOG,4h 25m,$551.13
MEX,LIM,5h 45m,$523.68
MEX,SCL,8h 30m,$1043.77
MEX,EZE,9h 25m,$1031.04
LGW,AMS,1h 10m,$189.18
LGW,CDG,1h 5m,$174.30
LGW,BCN,7h 5m,$726.81
LGW,MAD,2h 10m,$289.79
LGW,FCO,2h 25m,$339.48
MAN,DXB,7h 25m,$710.94
MAN,NRT,11h 55m,$1363.26
MAN,IST,3h 55m,$440.34
WAW,IST,2h 20m,$279.90
WAW,DXB,5h 40m,$591.12
PRG,IST,2h 30m,$324.24
PRG,DXB,6h,$584.96
BUD,IST,1h 55m,$276.20
BUD,DXB,5h 25m,$663.17
ATH,IST,1h 25m,$159.94
ATH,DXB,4h 35m,$577.16
ATH,CAI,2h 5m,$229.11
LIS,GRU,10h 5m,$1028.45
LIS,BOG,9h 35m,$1037.24
LIS,MAD,1h 20m,$176.78
DUB,LHR,1h 15m,$145.95
DUB,CDG,1h 40m,$245.65
DUB,AMS,1h 35m,$186.87
LOS,DXB,7h 40m,$718.48
LOS,IST,6h 10m,$732.46